Date,AWND,PRCP,SNOW,SNWD,TAVG,TMAX,TMIN
2021-04-01,15.631249999999998,0.452921348314607,0.0,0.0,49.0,59.07692307692308,39.30769230769231
2021-04-02,12.835,0.025000000000000005,0.0,0.0,36.0,43.46153846153846,27.923076923076923
2021-04-03,7.688750000000001,0.0004938271604938272,0.0,0.0,40.0,47.15384615384615,29.153846153846153
2021-04-04,5.98375,0.00011627906976744187,0.0,0.0,50.0,58.53846153846154,36.38461538461539
2021-04-05,14.31625,0.0,0.0,0.0,57.0,65.53846153846153,42.76923076923077
2021-04-06,8.27625,0.0,0.0,0.0,57.666666666666664,68.6923076923077,43.15384615384615
2021-04-07,5.37125,0.0003333333333333333,0.0,0.0,58.333333333333336,68.84615384615384,44.53846153846154
2021-04-08,5.3125,0.008390804597701149,0.0,0.0,55.666666666666664,69.07692307692308,43.38461538461539
2021-04-09,5.3125,0.0002380952380952381,0.0,0.0,51.0,61.30769230769231,43.69230769230769
2021-04-10,4.306250000000001,0.01476190476190477,0.0,0.0,54.666666666666664,63.23076923076923,47.84615384615385
2021-04-11,8.72375,0.07682352941176468,0.0,0.0,54.333333333333336,61.23076923076923,47.61538461538461
2021-04-12,7.5225,0.7001098901098901,0.0,0.0,47.666666666666664,53.69230769230769,44.53846153846154
2021-04-13,6.42875,0.3641489361702128,0.0,0.0,51.666666666666664,58.84615384615385,41.61538461538461
2021-04-14,6.1525,0.003448275862068966,0.0,0.0,57.0,67.6923076923077,43.61538461538461
2021-04-15,7.4087499999999995,0.08227272727272726,0.0,0.0,54.333333333333336,62.23076923076923,44.38461538461539
2021-04-16,10.206249999999999,0.5876086956521741,0.0,0.0,47.0,53.61538461538461,38.92307692307692
2021-04-17,7.2975,0.04374999999999998,0.0,0.0,48.0,54.07692307692308,41.0
2021-04-18,6.124999999999999,0.0010112359550561798,0.0,0.0,53.666666666666664,58.92307692307692,45.46153846153846
2021-04-19,4.5025,0.0033333333333333344,0.0,0.0,56.666666666666664,63.53846153846154,46.23076923076923
2021-04-20,9.646249999999998,0.009186046511627908,0.0,0.0,59.666666666666664,69.92307692307692,45.15384615384615
2021-04-21,13.532499999999999,0.021011235955056187,0.0,0.0,57.666666666666664,69.23076923076923,41.76923076923077
2021-04-22,16.526249999999997,0.1101098901098901,0.0,0.0,42.666666666666664,55.30769230769231,34.92307692307692
2021-04-23,12.558571428571428,0.0005,0.0,0.0,50.0,57.666666666666664,37.333333333333336
2021-04-24,7.9125,0.0,0.0,0.0,59.0,67.23076923076923,42.69230769230769
2021-04-25,8.612499999999999,0.44483870967741945,0.0,0.0,56.0,66.0,48.15384615384615
2021-04-26,14.313749999999999,0.0995238095238095,0.0,0.0,53.333333333333336,60.30769230769231,40.46153846153846
2021-04-27,4.501250000000001,0.0036363636363636372,0.0,0.0,54.333333333333336,61.15384615384615,43.23076923076923
2021-04-28,4.866250000000001,0.002976190476190476,0.0,0.0,61.333333333333336,74.53846153846153,47.69230769230769
2021-04-29,6.4325,0.05275862068965513,0.0,0.0,65.33333333333333,76.15384615384616,55.23076923076923
2021-04-30,19.63,0.07576470588235293,0.0,0.0,66.0,72.23076923076923,50.46153846153846
2021-05-01,13.64375,0.016375000000000008,0.0,0.0,53.333333333333336,65.6923076923077,41.76923076923077
2021-05-02,9.28375,0.0043421052631578945,0.0,0.0,65.0,74.76923076923077,49.30769230769231
2021-05-03,6.37625,0.04799999999999998,0.0,0.0,63.0,72.07692307692308,53.61538461538461
2021-05-04,7.15875,0.5940449438202251,0.0,0.0,59.0,68.53846153846153,51.69230769230769
2021-05-05,6.51375,0.06259259259259255,0.0,0.0,55.333333333333336,64.15384615384616,51.15384615384615
2021-05-06,9.7875,0.2926436781609195,0.0,0.0,58.333333333333336,63.53846153846154,48.38461538461539
2021-05-07,7.6325,0.0005882352941176471,0.0,0.0,57.0,64.53846153846153,45.53846153846154
2021-05-08,5.09,0.039651162790697664,0.0,0.0,52.333333333333336,57.84615384615385,46.0
2021-05-09,7.77125,0.30170731707317067,0.0,0.0,52.666666666666664,59.84615384615385,42.38461538461539
2021-05-10,7.66125,0.43829545454545465,0.0,0.0,53.0,61.61538461538461,46.0
2021-05-11,9.95375,0.005833333333333336,0.0,0.0,58.0,63.53846153846154,46.61538461538461
2021-05-12,10.541250000000002,0.0,0.0,0.0,57.666666666666664,66.92307692307692,45.15384615384615
2021-05-13,6.23625,0.0,0.0,0.0,61.333333333333336,69.07692307692308,45.76923076923077
2021-05-14,6.26375,0.0,0.0,0.0,64.0,73.46153846153847,46.92307692307692
2021-05-15,5.31125,0.0,0.0,0.0,66.0,76.15384615384616,49.23076923076923
2021-05-16,5.3125,0.00023529411764705883,0.0,0.0,66.0,75.76923076923077,53.30769230769231
2021-05-17,5.425,0.006547619047619048,0.0,0.0,65.33333333333333,76.23076923076923,50.23076923076923
2021-05-18,7.213750000000001,0.0006741573033707866,0.0,0.0,69.33333333333333,79.61538461538461,53.61538461538461
2021-05-19,6.23375,0.0,0.0,0.0,75.33333333333333,85.07692307692308,57.46153846153846
2021-05-20,5.593750000000001,0.0,0.0,0.0,68.0,79.3076923076923,55.76923076923077
2021-05-21,5.5649999999999995,0.0,0.0,0.0,65.66666666666667,77.38461538461539,52.38461538461539
2021-05-22,6.1825,0.0,0.0,0.0,75.33333333333333,85.6923076923077,58.0
2021-05-23,11.96875,0.0,0.0,0.0,82.0,89.6923076923077,65.15384615384616
2021-05-24,9.67625,0.0,0.0,0.0,67.0,75.61538461538461,58.15384615384615
2021-05-25,8.892500000000002,0.0,0.0,0.0,64.0,70.92307692307692,55.76923076923077
2021-05-26,8.6125,0.023734939759036146,0.0,0.0,72.0,80.46153846153847,60.53846153846154
2021-05-27,9.897499999999999,0.21923913043478271,0.0,0.0,75.33333333333333,83.3076923076923,63.38461538461539
2021-05-28,11.99625,0.15481927710843377,0.0,0.0,64.33333333333333,73.61538461538461,52.23076923076923
2021-05-29,13.36625,1.5037078651685394,0.0,0.0,50.333333333333336,57.61538461538461,46.92307692307692
2021-05-30,10.03875,0.6224418604651165,0.0,0.0,49.666666666666664,50.61538461538461,46.46153846153846
2021-05-31,7.046249999999999,0.7030232558139535,0.0,0.0,56.666666666666664,63.38461538461539,48.07692307692308
2021-06-01,5.34,0.0025842696629213486,0.0,0.0,65.33333333333333,73.76923076923077,50.84615384615385
2021-06-02,5.508750000000001,0.0,0.0,0.0,67.33333333333333,75.38461538461539,56.38461538461539
2021-06-03,4.50125,0.08384615384615382,0.0,0.0,65.0,74.23076923076923,58.46153846153846
2021-06-04,5.56625,0.4518478260869563,0.0,0.0,69.66666666666667,76.3076923076923,62.30769230769231
2021-06-05,7.4375,0.5246590909090909,0.0,0.0,75.66666666666667,86.0,62.23076923076923
2021-06-06,6.486249999999999,0.03525,0.0,0.0,83.66666666666667,92.6923076923077,68.53846153846153
2021-06-07,5.50875,0.006666666666666667,0.0,0.0,80.66666666666667,91.0,70.76923076923077
2021-06-08,5.2,0.14659340659340653,0.0,0.0,78.33333333333333,90.23076923076923,69.84615384615384
2021-06-09,5.173750000000001,0.5405376344086021,0.0,0.0,79.66666666666667,91.15384615384616,70.61538461538461
2021-06-10,8.89,0.04078651685393258,0.0,0.0,77.66666666666667,85.46153846153847,65.53846153846153
2021-06-11,6.46,0.0006818181818181819,0.0,0.0,66.0,75.23076923076923,59.76923076923077
2021-06-12,5.39625,0.017126436781609206,0.0,0.0,66.66666666666667,70.46153846153847,59.84615384615385
2021-06-13,5.22875,0.0012499999999999998,0.0,0.0,67.33333333333333,72.38461538461539,57.15384615384615
2021-06-14,7.103750000000001,0.07045454545454545,0.0,0.0,68.66666666666667,74.07692307692308,62.53846153846154
2021-06-15,8.4725,0.2546666666666667,0.0,0.0,73.0,78.6923076923077,64.46153846153847
2021-06-16,9.6475,0.0005555555555555556,0.0,0.0,71.0,78.92307692307692,60.30769230769231
2021-06-17,5.955,0.0,0.0,0.0,70.0,77.76923076923077,53.76923076923077
2021-06-18,8.72375,0.0,0.0,0.0,73.0,81.61538461538461,56.92307692307692
2021-06-19,7.996250000000001,0.06608695652173906,0.0,0.0,77.33333333333333,87.38461538461539,63.69230769230769
2021-06-20,6.432499999999999,0.18146067415730333,0.0,0.0,75.66666666666667,87.6923076923077,62.92307692307692
2021-06-21,9.1725,0.007590361445783133,0.0,0.0,79.0,86.53846153846153,69.84615384615384
2021-06-22,8.5025,0.05076923076923074,0.0,0.0,73.0,81.3076923076923,62.53846153846154
2021-06-23,7.073749999999999,0.2482608695652174,0.0,0.0,65.66666666666667,76.84615384615384,52.92307692307692
2021-06-24,6.18,0.0003333333333333333,0.0,0.0,69.0,76.46153846153847,55.15384615384615
2021-06-25,6.73875,0.0025,0.0,0.0,69.66666666666667,79.07692307692308,58.61538461538461
2021-06-26,9.142499999999998,0.014197530864197533,0.0,0.0,75.0,81.46153846153847,64.76923076923077
2021-06-27,9.758750000000001,0.07482352941176472,0.0,0.0,79.33333333333333,85.92307692307692,71.3076923076923
2021-06-28,9.283750000000001,0.00011363636363636364,0.0,0.0,82.66666666666667,90.92307692307692,73.46153846153847
2021-06-29,8.49875,0.0,0.0,0.0,86.0,94.53846153846153,75.92307692307692
2021-06-30,9.0875,0.03045977011494253,0.0,0.0,88.0,96.53846153846153,75.15384615384616
2021-07-01,4.445,0.23397959183673472,0.0,0.0,79.0,90.15384615384616,71.92307692307692
2021-07-02,6.5725,0.7576288659793813,0.0,0.0,74.0,80.92307692307692,64.84615384615384
2021-07-03,7.55,0.6025842696629212,0.0,0.0,64.33333333333333,71.0,59.61538461538461
2021-07-04,4.2787500000000005,0.20397590361445783,0.0,0.0,68.66666666666667,73.61538461538461,59.46153846153846
2021-07-05,6.711249999999999,0.0062195121951219515,0.0,0.0,74.66666666666667,81.76923076923077,63.0
2021-07-06,9.816249999999998,0.06862499999999999,0.0,0.0,82.0,89.53846153846153,69.15384615384616
2021-07-07,6.46125,0.7791304347826088,0.0,0.0,80.66666666666667,92.92307692307692,70.38461538461539
2021-07-08,6.520000000000001,0.16654761904761903,0.0,0.0,79.66666666666667,88.25,70.91666666666667
2021-07-09,8.755714285714287,2.223684210526316,0.0,0.0,77.33333333333333,86.66666666666667,70.5
2021-07-10,5.271428571428572,0.43375000000000025,0.0,0.0,76.33333333333333,83.83333333333333,69.25
2021-07-11,6.5725,0.004069767441860466,0.0,0.0,74.66666666666667,79.92307692307692,69.84615384615384
2021-07-12,6.2925,0.2792391304347826,0.0,0.0,78.0,83.6923076923077,70.84615384615384
2021-07-13,7.103750000000001,0.25684210526315804,0.0,0.0,72.66666666666667,78.76923076923077,68.15384615384616
2021-07-14,4.72375,0.019473684210526324,0.0,0.0,76.33333333333333,82.53846153846153,69.0
2021-07-15,5.06125,0.10264367816091952,0.0,0.0,81.0,88.76923076923077,71.07692307692308
2021-07-16,6.013750000000001,0.006860465116279069,0.0,0.0,85.0,91.3076923076923,74.07692307692308
2021-07-17,5.592500000000001,0.09939759036144576,0.0,0.0,83.33333333333333,92.0,73.15384615384616
2021-07-18,8.4725,0.6601123595505618,0.0,0.0,78.66666666666667,87.07692307692308,72.15384615384616
2021-07-19,6.0125,0.02566265060240964,0.0,0.0,76.66666666666667,83.23076923076923,70.15384615384616
2021-07-20,5.0062500000000005,0.0050617283950617304,0.0,0.0,80.0,85.15384615384616,70.15384615384616
2021-07-21,5.975714285714285,0.01976744186046512,0.0,0.0,79.0,84.5,69.08333333333333
2021-07-22,7.21625,0.11351648351648344,0.0,0.0,75.66666666666667,82.15384615384616,64.3076923076923
2021-07-23,5.4799999999999995,0.0036666666666666675,0.0,0.0,76.33333333333333,82.53846153846153,64.07692307692308
2021-07-24,6.0962499999999995,0.008255813953488372,0.0,0.0,75.33333333333333,83.15384615384616,63.15384615384615
2021-07-25,8.47125,0.21722222222222226,0.0,0.0,76.33333333333333,83.23076923076923,65.38461538461539
2021-07-26,4.782500000000001,0.2820454545454546,0.0,0.0,81.66666666666667,87.38461538461539,69.3076923076923
2021-07-27,5.70375,0.002325581395348837,0.0,0.0,82.33333333333333,89.6923076923077,68.38461538461539
2021-07-28,6.29125,0.2308421052631579,0.0,0.0,77.0,85.84615384615384,68.15384615384616
2021-07-29,8.6675,0.08344444444444445,0.0,0.0,75.33333333333333,80.23076923076923,67.61538461538461
2021-07-30,11.7725,0.5884693877551019,0.0,0.0,76.66666666666667,82.07692307692308,65.84615384615384
2021-07-31,6.151249999999999,0.0013953488372093023,0.0,0.0,71.0,79.92307692307692,57.15384615384615
2021-08-01,5.535,0.00823529411764706,0.0,0.0,72.66666666666667,78.07692307692308,60.84615384615385
2021-08-02,7.91375,0.13530612244897958,0.0,0.0,72.33333333333333,80.3076923076923,61.92307692307692
2021-08-03,3.1325,0.00047058823529411766,0.0,0.0,73.0,80.16666666666667,61.583333333333336
2021-08-04,5.08875,0.0,0.0,0.0,72.66666666666667,76.84615384615384,63.46153846153846
2021-08-05,6.65375,0.004470588235294117,0.0,0.0,73.33333333333333,79.0,65.76923076923077
2021-08-06,6.0112499999999995,0.000689655172413793,0.0,0.0,77.66666666666667,85.07692307692308,65.23076923076923
2021-08-07,6.43,0.0,0.0,0.0,79.33333333333333,87.53846153846153,68.38461538461539
2021-08-08,7.9399999999999995,0.2476923076923077,0.0,0.0,73.66666666666667,81.6923076923077,66.0
2021-08-09,6.515000000000001,0.29874999999999996,0.0,0.0,74.0,78.23076923076923,67.61538461538461
2021-08-10,5.34,0.0994252873563218,0.0,0.0,76.66666666666667,82.76923076923077,69.6923076923077
2021-08-11,6.85,0.3709782608695653,0.0,0.0,80.0,87.92307692307692,72.07692307692308
2021-08-12,6.935,0.25186046511627913,0.0,0.0,83.33333333333333,92.92307692307692,73.3076923076923
2021-08-13,5.06125,0.022500000000000003,0.0,0.0,87.0,94.53846153846153,74.46153846153847
2021-08-14,7.659999999999999,0.0015294117647058824,0.0,0.0,85.66666666666667,91.6923076923077,74.76923076923077
2021-08-15,6.20875,0.004634146341463414,0.0,0.0,78.0,85.53846153846153,68.15384615384616
2021-08-16,5.117500000000001,0.0,0.0,0.0,75.33333333333333,81.84615384615384,66.38461538461539
2021-08-17,7.101249999999999,0.00033707865168539324,0.0,0.0,76.66666666666667,81.23076923076923,70.07692307692308
2021-08-18,7.83,0.0018823529411764706,0.0,0.0,77.66666666666667,82.61538461538461,71.84615384615384
2021-08-19,11.325,0.42765957446808506,0.0,0.0,81.66666666666667,85.46153846153847,74.92307692307692
2021-08-20,4.94875,0.008433734939759038,0.0,0.0,80.33333333333333,84.07692307692308,73.53846153846153
2021-08-21,5.061249999999999,0.210759493670886,0.0,0.0,78.0,82.3076923076923,70.53846153846153
2021-08-22,9.0575,1.8384444444444437,0.0,0.0,75.0,78.3076923076923,70.84615384615384
2021-08-23,9.61875,2.9118390804597705,0.0,0.0,77.0,80.76923076923077,70.84615384615384
2021-08-24,5.5375,0.264090909090909,0.0,0.0,82.0,87.53846153846153,71.0
2021-08-25,3.69,0.0004761904761904762,0.0,0.0,83.0,91.23076923076923,69.23076923076923
2021-08-26,5.09,0.0021176470588235292,0.0,0.0,84.66666666666667,92.3076923076923,73.23076923076923
2021-08-27,3.7762500000000006,0.0641860465116279,0.0,0.0,84.0,93.0,74.53846153846153
2021-08-28,9.56125,0.31505494505494497,0.0,0.0,76.33333333333333,84.53846153846153,68.6923076923077
2021-08-29,4.6125,0.10790697674418603,0.0,0.0,71.33333333333333,76.15384615384616,66.53846153846153
2021-08-30,5.452500000000001,0.008620689655172417,0.0,0.0,77.33333333333333,81.84615384615384,70.0
2021-08-31,4.586250000000001,0.03439560439560439,0.0,0.0,80.66666666666667,85.46153846153847,71.46153846153847
2021-09-01,10.959999999999999,0.6540425531914895,0.0,0.0,75.0,79.76923076923077,65.61538461538461
2021-09-02,12.19125,5.291299999999995,0.0,0.0,69.66666666666667,76.07692307692308,60.53846153846154
2021-09-03,6.653749999999999,0.009662921348314608,0.0,0.0,68.33333333333333,75.61538461538461,56.84615384615385
2021-09-04,4.89375,0.0,0.0,0.0,70.66666666666667,77.46153846153847,58.23076923076923
2021-09-05,6.48625,0.004494382022471911,0.0,0.0,71.66666666666667,75.84615384615384,62.0
2021-09-06,7.5475,0.05087912087912084,0.0,0.0,76.0,79.6923076923077,66.07692307692308
2021-09-07,5.50875,0.0003448275862068965,0.0,0.0,74.33333333333333,81.46153846153847,61.15384615384615
2021-09-08,10.15,0.005053763440860216,0.0,0.0,76.0,82.07692307692308,64.92307692307692
2021-09-09,4.028571428571429,0.16208333333333333,0.0,0.0,72.66666666666667,78.07692307692308,66.92307692307692
2021-09-10,10.260000000000002,0.14451612903225805,0.0,0.0,70.66666666666667,74.6923076923077,60.84615384615385
2021-09-11,5.703749999999999,0.0019780219780219785,0.0,0.0,70.33333333333333,76.53846153846153,55.46153846153846
2021-09-12,9.47875,0.0,0.0,0.0,74.0,80.84615384615384,61.30769230769231
2021-09-13,8.44375,0.016703296703296705,0.0,0.0,79.66666666666667,84.07692307692308,66.76923076923077
2021-09-14,5.1725,0.21750000000000003,0.0,0.0,74.66666666666667,81.76923076923077,65.38461538461539
2021-09-15,8.597142857142856,0.0010112359550561798,0.0,0.0,77.66666666666667,83.6923076923077,68.53846153846153
2021-09-16,8.564285714285715,0.010430107526881723,0.0,0.0,75.33333333333333,81.3076923076923,69.53846153846153
2021-09-17,8.34142857142857,0.02357894736842106,0.0,0.0,73.33333333333333,75.92307692307692,68.6923076923077
2021-09-18,6.673333333333333,0.03599999999999999,0.0,0.0,76.66666666666667,80.25,67.75
2021-09-19,8.166666666666666,0.0004819277108433735,0.0,0.0,74.0,79.91666666666667,62.333333333333336
2021-09-20,5.963333333333334,0.00011111111111111112,0.0,0.0,69.33333333333333,76.5,57.5
2021-09-21,6.4557142857142855,0.002842105263157895,0.0,0.0,70.0,76.76923076923077,57.76923076923077
2021-09-22,10.707142857142856,0.029670329670329672,0.0,0.0,75.0,79.46153846153847,66.38461538461539
2021-09-23,13.115,0.12240963855421683,0.0,0.0,77.33333333333333,81.07692307692308,67.15384615384616
2021-09-24,6.236250000000001,1.5043478260869563,0.0,0.0,67.66666666666667,76.46153846153847,57.07692307692308
2021-09-25,3.0462499999999997,0.02488095238095238,0.0,0.0,68.0,75.46153846153847,54.92307692307692
2021-09-26,9.4525,0.0,0.0,0.0,68.66666666666667,74.15384615384616,57.61538461538461
2021-09-27,10.065714285714284,0.0,0.0,0.0,70.33333333333333,76.92307692307692,57.30769230769231
2021-09-28,7.702857142857143,0.015280898876404499,0.0,0.0,70.66666666666667,76.15384615384616,59.84615384615385
2021-09-29,8.595714285714285,0.11565217391304353,0.0,0.0,64.33333333333333,70.84615384615384,52.46153846153846
2021-09-30,7.475714285714287,0.00010989010989010989,0.0,0.0,63.0,67.53846153846153,53.23076923076923
2021-10-01,5.594285714285715,0.00010869565217391305,0.0,0.0,61.0,67.46153846153847,48.15384615384615
2021-10-02,6.327142857142858,0.0,0.0,0.0,65.0,72.84615384615384,50.15384615384615
2021-10-03,4.151428571428571,0.0,0.0,0.0,69.66666666666667,78.0,54.69230769230769
2021-10-04,7.127142857142857,0.12290322580645158,0.0,0.0,71.0,74.84615384615384,59.23076923076923
2021-10-05,5.5375,0.25340425531914884,0.0,0.0,63.666666666666664,67.3076923076923,59.38461538461539
2021-10-06,3.07625,0.0070652173913043495,0.0,0.0,65.66666666666667,68.15384615384616,59.69230769230769
2021-10-07,3.2725,0.0007954545454545455,0.0,0.0,68.33333333333333,73.38461538461539,58.84615384615385
2021-10-08,4.697142857142857,0.0,0.0,0.0,68.66666666666667,76.6923076923077,58.23076923076923
2021-10-09,10.76375,0.0,0.0,0.0,66.0,71.84615384615384,58.38461538461539
2021-10-10,11.13,0.050365853658536575,0.0,0.0,65.0,66.6923076923077,60.46153846153846
2021-10-11,9.393749999999997,0.17385542168674697,0.0,0.0,66.66666666666667,70.3076923076923,60.53846153846154
2021-10-12,4.025,0.0025,0.0,0.0,66.33333333333333,71.84615384615384,58.61538461538461
2021-10-13,3.1325000000000003,0.0013333333333333333,0.0,0.0,66.66666666666667,70.0,59.30769230769231
2021-10-14,5.23,0.00010989010989010989,0.0,0.0,70.66666666666667,75.23076923076923,60.38461538461539
2021-10-15,4.2787500000000005,0.0,0.0,0.0,71.33333333333333,79.07692307692308,60.46153846153846
2021-10-16,10.431250000000002,0.032235294117647056,0.0,0.0,71.66666666666667,78.38461538461539,58.53846153846154
2021-10-17,10.708750000000002,0.28606382978723405,0.0,0.0,59.666666666666664,69.0,51.30769230769231
2021-10-18,11.407499999999999,0.023977272727272736,0.0,0.0,55.333333333333336,62.92307692307692,47.0
2021-10-19,10.122499999999999,0.001590909090909091,0.0,0.0,56.333333333333336,64.53846153846153,45.38461538461539
2021-10-20,8.08125,0.00011363636363636364,0.0,0.0,66.66666666666667,73.61538461538461,51.69230769230769
2021-10-21,6.82125,0.0,0.0,0.0,67.66666666666667,75.92307692307692,54.30769230769231
2021-10-22,7.5225,0.0,0.0,0.0,66.33333333333333,73.33333333333333,55.083333333333336
2021-10-23,6.06625,0.00465909090909091,0.0,0.0,57.666666666666664,64.91666666666667,48.833333333333336
2021-10-24,4.194999999999999,0.023636363636363643,0.0,0.0,55.0,60.583333333333336,43.916666666666664
2021-10-25,6.8774999999999995,0.10726315789473682,0.0,0.0,65.33333333333333,69.46153846153847,50.92307692307692
2021-10-26,11.04625,2.6653260869565214,0.0,0.0,62.666666666666664,67.61538461538461,55.61538461538461
2021-10-27,13.673750000000002,1.6888421052631575,0.0,0.0,59.0,62.92307692307692,52.76923076923077
2021-10-28,6.347500000000001,0.0075280898876404516,0.0,0.0,55.0,59.61538461538461,46.76923076923077
2021-10-29,13.6725,0.04552941176470588,0.0,0.0,54.333333333333336,57.07692307692308,45.76923076923077
2021-10-30,8.471250000000001,0.6591397849462365,0.0,0.0,60.0,62.46153846153846,51.61538461538461
2021-10-31,8.3875,0.20219780219780226,0.0,0.0,61.0,64.92307692307692,53.61538461538461
2021-11-01,8.445,0.007191011235955059,0.0,0.0,58.333333333333336,62.15384615384615,48.30769230769231
2021-11-02,5.2025,0.0004819277108433735,0.0,0.0,53.0,56.53846153846154,43.61538461538461
2021-11-03,6.90625,0.01333333333333334,0.0,0.0,47.666666666666664,53.38461538461539,37.61538461538461
2021-11-04,4.4475,0.00011764705882352942,0.0,0.0,45.666666666666664,52.46153846153846,35.23076923076923
2021-11-05,5.954999999999999,0.0,0.0,0.0,46.333333333333336,52.61538461538461,35.07692307692308
2021-11-06,3.6337500000000005,0.0,0.0,0.0,46.666666666666664,53.23076923076923,34.15384615384615
2021-11-07,3.9137500000000003,0.0,0.0,0.0,46.666666666666664,54.30769230769231,34.30769230769231
2021-11-08,5.2837499999999995,0.0,0.0,0.0,54.333333333333336,61.30769230769231,39.76923076923077
2021-11-09,3.7462500000000003,0.0,0.0,0.0,58.0,67.84615384615384,42.0
2021-11-10,6.4575000000000005,0.0,0.0,0.0,60.333333333333336,67.15384615384616,44.23076923076923
2021-11-11,7.3812500000000005,0.00011111111111111112,0.0,0.0,52.666666666666664,62.84615384615385,38.07692307692308
2021-11-12,10.877500000000001,0.08935483870967736,0.0,0.0,63.0,66.07692307692308,44.38461538461539
2021-11-13,9.4525,0.45736263736263744,0.0,0.0,53.333333333333336,64.07692307692308,39.30769230769231
2021-11-14,8.191250000000002,0.2066265060240964,0.0,0.0,43.333333333333336,53.92307692307692,35.69230769230769
2021-11-15,9.8975,0.03471264367816091,0.0,0.0,45.0,48.46153846153846,36.07692307692308
2021-11-16,8.305,0.010235294117647063,0.0,0.0,44.0,49.07692307692308,35.23076923076923
2021-11-17,4.7524999999999995,0.0,0.0,0.0,47.0,54.0,32.15384615384615
2021-11-18,7.773750000000001,0.009340659340659342,0.0,0.0,58.0,63.69230769230769,39.92307692307692
2021-11-19,12.722500000000002,0.10358695652173912,0.0,0.0,49.333333333333336,56.46153846153846,38.84615384615385
2021-11-20,4.75375,0.0011904761904761904,0.0,0.0,42.0,47.61538461538461,30.76923076923077
2021-11-21,5.845,0.0004761904761904762,0.0,0.0,48.666666666666664,52.0,37.15384615384615
2021-11-22,10.09375,0.05185567010309278,0.0,0.0,51.333333333333336,55.23076923076923,36.0
2021-11-23,12.77875,0.013146067415730342,0.0,0.0,38.666666666666664,46.0,31.692307692307693
2021-11-24,8.16625,0.0,0.0,0.0,37.666666666666664,44.30769230769231,29.23076923076923
2021-11-25,4.53,0.00024390243902439024,0.0,0.0,45.333333333333336,51.53846153846154,31.846153846153847
2021-11-26,13.030000000000001,0.1287640449438202,0.0,0.0,47.0,51.69230769230769,34.76923076923077
2021-11-27,14.118750000000002,0.03426829268292683,0.0,0.0,38.666666666666664,42.76923076923077,33.84615384615385
2021-11-28,3.355,0.003125,0.012244897959183673,0.0,36.666666666666664,40.23076923076923,32.0
2021-11-29,9.1425,0.006547619047619048,0.0,0.0,41.0,42.15384615384615,31.0
2021-11-30,5.760000000000001,0.0013253012048192773,0.0,0.0,36.666666666666664,41.61538461538461,26.692307692307693
2021-12-01,6.095,0.0030434782608695656,0.0,0.0,44.666666666666664,46.07692307692308,34.07692307692308
2021-12-02,9.479999999999999,0.07319148936170215,0.0,0.0,51.666666666666664,54.46153846153846,40.0
2021-12-03,12.97375,0.011250000000000005,0.0,0.0,48.666666666666664,51.84615384615385,37.30769230769231
2021-12-04,4.5024999999999995,0.0,0.0,0.0,42.333333333333336,47.92307692307692,33.69230769230769
2021-12-05,5.2837499999999995,0.0,0.0,0.0,43.333333333333336,48.92307692307692,33.61538461538461
2021-12-06,11.718750000000002,0.19945652173913042,0.0,0.0,52.0,57.84615384615385,39.23076923076923
2021-12-07,8.0525,0.07366666666666667,0.0,0.0,44.333333333333336,50.07692307692308,34.84615384615385
2021-12-08,5.816249999999999,0.003888888888888889,0.004225352112676056,0.014285714285714285,39.333333333333336,41.76923076923077,33.23076923076923
2021-12-09,7.38125,0.02344444444444445,0.008888888888888889,0.007407407407407408,36.333333333333336,39.76923076923077,30.153846153846153
2021-12-10,4.11125,0.0012500000000000002,0.0,0.0,43.666666666666664,46.23076923076923,34.07692307692308
2021-12-11,10.09375,0.08850574712643676,0.0,0.0,50.666666666666664,59.46153846153846,40.76923076923077
2021-12-12,12.24875,0.11686046511627908,0.0,0.0,50.333333333333336,58.84615384615385,39.46153846153846
2021-12-13,10.18,0.00035714285714285714,0.0,0.0,45.666666666666664,52.69230769230769,34.30769230769231
2021-12-14,6.2075,0.00022222222222222223,0.0,0.0,48.333333333333336,53.15384615384615,36.46153846153846
2021-12-15,6.430000000000001,0.0005617977528089888,0.0,0.0,45.0,53.07692307692308,33.15384615384615
2021-12-16,9.842500000000001,0.008241758241758244,0.0,0.0,55.666666666666664,59.15384615384615,46.15384615384615
2021-12-17,9.283750000000001,0.00032967032967032967,0.0,0.0,57.333333333333336,61.07692307692308,48.07692307692308
2021-12-18,5.3687499999999995,0.029888888888888878,0.0,0.0,45.333333333333336,51.69230769230769,39.69230769230769
2021-12-19,12.61125,0.1005494505494506,0.0,0.0,42.0,45.38461538461539,32.53846153846154
2021-12-20,6.683749999999999,0.001098901098901099,0.0,0.0,31.0,38.76923076923077,23.307692307692307
2021-12-21,4.250000000000001,0.002555555555555556,0.0,0.0,36.0,39.92307692307692,26.53846153846154
2021-12-22,12.276250000000001,0.15489361702127663,0.0,0.0,42.666666666666664,45.53846153846154,30.923076923076923
2021-12-23,8.584999999999999,0.006867469879518074,0.0,0.0,34.666666666666664,40.46153846153846,28.53846153846154
2021-12-24,4.92125,0.030975609756097557,0.3440677966101695,0.31714285714285717,35.0,38.30769230769231,28.846153846153847
2021-12-25,3.97,0.08407407407407402,0.024999999999999998,0.0,40.333333333333336,47.07692307692308,33.0
2021-12-26,13.39375,0.10525641025641026,0.0,0.0,48.666666666666664,50.84615384615385,38.53846153846154
2021-12-27,5.452500000000001,0.007894736842105265,0.0,0.0,38.333333333333336,42.84615384615385,31.76923076923077
2021-12-28,4.86625,0.10012195121951219,0.0,0.0,41.333333333333336,44.15384615384615,34.15384615384615
2021-12-29,4.921250000000001,0.2395505617977529,0.0,0.0,43.333333333333336,44.53846153846154,39.61538461538461
2021-12-30,3.41125,0.07857142857142851,0.0,0.0,45.333333333333336,46.92307692307692,41.84615384615385
2021-12-31,4.50125,0.02493827160493828,0.0,0.0,49.333333333333336,51.15384615384615,44.92307692307692
2022-01-01,4.473750000000001,0.15795180722891566,0.0,0.0,51.666666666666664,53.61538461538461,47.84615384615385
2022-01-02,8.47375,0.7418181818181818,0.0,0.0,53.0,56.84615384615385,41.30769230769231
2022-01-03,13.727500000000003,0.0051764705882352945,0.0,0.0,34.0,44.76923076923077,25.153846153846153
2022-01-04,6.51625,0.00024096385542168676,0.0,0.2,25.666666666666668,33.25,18.615384615384617
2022-01-05,5.34,0.05048780487804878,0.0,0.0,36.0,41.583333333333336,24.076923076923077
2022-01-06,8.3325,0.09837499999999998,0.0,0.255,38.666666666666664,41.69230769230769,31.692307692307693
2022-01-07,14.037500000000001,0.34453333333333314,5.288524590163934,5.221951219512197,31.666666666666668,36.0,25.846153846153847
2022-01-08,8.19375,0.01826666666666667,0.17213114754098363,4.171428571428571,25.333333333333332,31.384615384615383,19.076923076923077
2022-01-09,9.535,0.01090909090909091,0.0,2.9615384615384617,32.666666666666664,36.46153846153846,21.46153846153846
2022-01-10,13.73,0.09772151898734178,0.0,0.26956521739130435,33.666666666666664,39.92307692307692,25.53846153846154
2022-01-11,10.8225,0.000963855421686747,0.015492957746478875,0.2739130434782609,20.666666666666668,26.307692307692307,14.538461538461538
2022-01-12,7.12875,0.0,0.0,0.16999999999999998,27.333333333333332,32.92307692307692,14.615384615384615
2022-01-13,3.1875,0.0,0.0,0.09565217391304348,37.666666666666664,44.07692307692308,25.153846153846153
2022-01-14,14.846250000000001,0.0,0.0,0.034999999999999996,39.666666666666664,44.38461538461539,23.153846153846153
2022-01-15,12.274999999999999,0.0,0.0,0.010526315789473684,19.333333333333332,28.923076923076923,9.923076923076923
2022-01-16,9.4775,0.07802631578947368,0.06714285714285714,0.11578947368421054,17.0,30.615384615384617,7.461538461538462
2022-01-17,16.833750000000002,1.5556626506024094,1.0804878048780486,0.45199999999999996,38.666666666666664,44.0,24.384615384615383
2022-01-18,14.875,0.02911392405063292,0.0018867924528301887,0.14347826086956522,34.333333333333336,38.69230769230769,26.692307692307693
2022-01-19,8.445,0.00012048192771084338,0.0013698630136986301,0.12105263157894736,35.666666666666664,43.76923076923077,22.76923076923077
2022-01-20,10.17875,0.19241379310344825,0.15161290322580642,0.18181818181818182,39.0,45.76923076923077,23.384615384615383
2022-01-21,12.165,0.09408450704225353,0.2,0.18571428571428572,20.333333333333332,28.307692307692307,13.23076923076923
2022-01-22,6.59875,0.003717948717948718,0.0,0.16,20.333333333333332,27.153846153846153,12.153846153846153
2022-01-23,6.63,0.0013333333333333335,0.01594202898550725,0.145,28.666666666666668,33.61538461538461,18.153846153846153
2022-01-24,5.9,0.009102564102564107,0.11111111111111113,0.16428571428571428,30.666666666666668,35.53846153846154,23.846153846153847
2022-01-25,7.577500000000001,0.0026582278481012663,0.0029850746268656717,0.15789473684210525,37.0,40.0,26.615384615384617
2022-01-26,9.422500000000001,0.0,0.0,0.07142857142857142,26.666666666666668,33.30769230769231,18.307692307692307
2022-01-27,6.012499999999999,0.0,0.0,0.06521739130434782,22.333333333333332,29.615384615384617,12.153846153846153
2022-01-28,5.90125,0.01691358024691358,0.1927536231884058,0.10869565217391304,30.666666666666668,32.84615384615385,22.076923076923077
2022-01-29,18.8175,0.49133333333333323,5.624528301886792,5.652777777777778,22.333333333333332,30.153846153846153,14.692307692307692
2022-01-30,9.982500000000002,0.14509433962264148,2.147727272727273,7.6075,17.0,23.23076923076923,10.76923076923077
2022-01-31,3.6350000000000002,0.0,0.14705882352941177,6.5,23.666666666666668,28.23076923076923,11.076923076923077
2022-02-01,5.84375,0.0,0.0,5.4071428571428575,26.666666666666668,33.61538461538461,14.692307692307692
2022-02-02,3.55,0.0,0.0,4.247826086956522,34.666666666666664,41.38461538461539,24.46153846153846
2022-02-03,3.60625,0.09249999999999994,0.0,2.18,41.333333333333336,46.69230769230769,34.53846153846154
2022-02-04,10.85125,0.6560975609756096,0.007407407407407408,0.16071428571428573,42.0,53.53846153846154,31.307692307692307
2022-02-05,13.84,0.39973684210526317,0.041463414634146344,0.192,26.333333333333332,35.38461538461539,19.46153846153846
2022-02-06,5.62125,0.001375,0.0,0.024,21.666666666666668,29.692307692307693,14.76923076923077
2022-02-07,5.619999999999999,0.025789473684210525,0.0049180327868852455,0.019230769230769232,32.333333333333336,36.38461538461539,23.46153846153846
2022-02-08,9.98125,0.205125,0.03333333333333333,0.02,38.666666666666664,42.07692307692308,30.846153846153847
2022-02-09,5.693333333333333,0.002857142857142857,0.0,0.02,35.0,44.42857142857143,25.642857142857142
2022-02-10,8.05111111111111,0.0002469135802469136,0.0,0.0,42.0,50.5,29.285714285714285
2022-02-11,8.101111111111111,0.004567901234567901,0.04,0.0,45.333333333333336,55.142857142857146,32.214285714285715
2022-02-12,10.390000000000002,0.0,0.0,0.0,51.666666666666664,58.142857142857146,37.5
2022-02-13,7.977777777777778,0.177536231884058,1.7615384615384615,1.681818181818182,36.666666666666664,48.642857142857146,27.071428571428573
2022-02-14,12.576666666666666,0.06646153846153846,0.7166666666666667,1.9156250000000001,23.333333333333332,30.928571428571427,17.5
2022-02-15,6.760000000000001,0.0,0.0,1.1500000000000001,22.666666666666668,28.714285714285715,15.285714285714286
2022-02-16,7.084444444444445,0.0,0.0,0.40399999999999997,33.333333333333336,39.92857142857143,18.857142857142858
2022-02-17,12.652222222222221,0.033125,0.0,0.0,51.0,58.285714285714285,35.357142857142854
2022-02-18,16.08111111111111,0.5725000000000001,0.0,0.0,49.666666666666664,62.142857142857146,34.92857142857143
2022-02-19,13.09888888888889,0.013417721518987343,0.0015384615384615385,0.0,31.333333333333332,48.0,22.0
2022-02-20,10.215555555555556,0.002531645569620253,0.018518518518518517,0.034782608695652174,27.0,37.857142857142854,19.785714285714285
2022-02-21,5.12,0.0,0.0,0.0,38.0,45.92857142857143,25.357142857142858
2022-02-22,8.501111111111111,0.026923076923076925,0.0,0.0,42.666666666666664,55.42857142857143,31.214285714285715
2022-02-23,11.31,0.19238095238095243,0.0,0.0,58.0,64.92857142857143,35.0
2022-02-24,8.177777777777779,0.0005263157894736842,0.0,0.0,34.666666666666664,48.07142857142857,28.571428571428573
2022-02-25,10.241111111111111,0.6050704225352111,0.406060606060606,0.225,33.666666666666664,39.785714285714285,26.785714285714285
2022-02-26,8.87111111111111,0.26360655737704913,0.010344827586206896,0.04615384615384615,30.333333333333332,38.357142857142854,22.5
2022-02-27,13.477500000000001,0.000410958904109589,0.0,0.020833333333333332,35.666666666666664,43.53846153846154,25.0
2022-02-28,9.479999999999999,0.0,0.0,0.0,33.666666666666664,40.15384615384615,25.23076923076923
2022-03-01,6.487500000000001,0.0,0.0,0.0,36.333333333333336,42.46153846153846,26.615384615384617
2022-03-02,8.24875,0.0012987012987012987,0.0,0.0,45.333333333333336,49.46153846153846,34.69230769230769
2022-03-03,14.5675,0.05857142857142856,0.0,0.0,42.0,47.46153846153846,29.0
2022-03-04,6.683749999999999,0.0006493506493506494,0.0,0.0,28.333333333333332,39.38461538461539,18.76923076923077
2022-03-05,5.005,0.0,0.0,0.0,36.0,42.23076923076923,23.23076923076923
2022-03-06,7.577500000000001,0.010500000000000004,0.0,0.0,49.0,58.76923076923077,35.46153846153846
2022-03-07,11.716250000000002,0.06506493506493506,0.0,0.0,61.666666666666664,69.07692307692308,45.38461538461539
2022-03-08,14.120000000000001,0.07719512195121948,0.0,0.0,48.0,57.61538461538461,37.23076923076923
2022-03-09,7.13125,0.09714285714285714,0.20750000000000002,0.09545454545454546,38.0,42.46153846153846,33.61538461538461
2022-03-10,3.71875,0.5070886075949369,0.7699999999999999,0.637037037037037,38.666666666666664,45.38461538461539,29.76923076923077
2022-03-11,5.5625,0.0005405405405405405,0.0,0.0,43.0,51.15384615384615,30.846153846153847
2022-03-12,15.015,0.10837837837837833,0.13548387096774195,0.09523809523809523,40.333333333333336,49.30769230769231,27.384615384615383
2022-03-13,13.450000000000001,0.37000000000000005,0.7619047619047621,0.6607142857142857,27.333333333333332,38.53846153846154,21.307692307692307
2022-03-14,8.61125,0.004400000000000001,0.04615384615384616,0.19615384615384615,41.333333333333336,47.92307692307692,28.0
2022-03-15,6.7387500000000005,0.00037974683544303797,0.0,0.0,50.666666666666664,61.61538461538461,36.84615384615385
2022-03-16,6.122499999999999,0.001125,0.0,0.0,55.0,65.38461538461539,41.53846153846154
2022-03-17,6.654999999999999,0.035294117647058816,0.0,0.0,48.666666666666664,58.61538461538461,42.92307692307692
2022-03-18,6.43125,0.12059523809523809,0.0,0.0,56.333333333333336,64.15384615384616,46.0
2022-03-19,6.54375,0.028292682926829273,0.0,0.0,54.666666666666664,68.92307692307692,47.30769230769231
2022-03-20,12.83375,0.12690476190476194,0.0,0.0,57.333333333333336,63.61538461538461,47.07692307692308
2022-03-21,12.1075,0.0034567901234567903,0.0,0.0,51.666666666666664,60.92307692307692,42.53846153846154
2022-03-22,11.997499999999999,0.0,0.0,0.0,52.333333333333336,59.46153846153846,41.84615384615385
2022-03-23,9.7025,0.009620253164556964,0.0,0.0,44.666666666666664,51.38461538461539,37.30769230769231
2022-03-24,11.716249999999999,0.5450602409638554,0.0,0.0,43.0,47.53846153846154,38.38461538461539
2022-03-25,8.696250000000001,0.41843373493975916,0.0,0.0,49.333333333333336,53.69230769230769,41.76923076923077
2022-03-26,9.758750000000003,0.012763157894736844,0.0,0.0,50.666666666666664,55.53846153846154,42.30769230769231
2022-03-27,15.3225,0.03584415584415584,0.0,0.0,42.666666666666664,48.46153846153846,31.692307692307693
2022-03-28,18.147499999999997,0.0015189873417721517,0.0,0.0,29.333333333333332,37.84615384615385,22.23076923076923
2022-03-29,15.015,0.00011627906976744187,0.0,0.0,30.0,35.46153846153846,23.076923076923077
2022-03-30,6.43125,0.0,0.0,0.0,36.0,42.76923076923077,26.0
2022-03-31,11.381250000000001,0.025421686746987956,0.0,0.0,51.0,58.5,36.583333333333336
2022-04-01,15.856666666666664,0.5289887640449439,0.0,0.0,55.666666666666664,65.38461538461539,44.0
2022-04-02,10.042222222222222,0.015243902439024395,0.0,0.0,45.333333333333336,55.42857142857143,38.57142857142857
2022-04-03,6.24,0.017750000000000005,0.0,0.0,44.0,49.57142857142857,38.5
2022-04-04,9.673749999999998,0.12558441558441566,0.0,0.0,46.0,51.46153846153846,37.84615384615385
2022-04-05,5.594444444444445,0.006666666666666667,0.0,0.0,48.333333333333336,54.57142857142857,38.285714285714285
2022-04-06,10.787777777777777,0.4897752808988765,0.0,0.0,48.333333333333336,53.5,43.714285714285715
2022-04-07,11.683333333333334,0.3969047619047619,0.0,0.0,48.333333333333336,52.642857142857146,44.57142857142857
2022-04-08,8.946666666666667,1.7506593406593414,0.0,0.0,54.333333333333336,59.57142857142857,46.642857142857146
2022-04-09,7.605555555555554,0.05271604938271602,0.0,0.0,52.0,59.5,46.214285714285715
2022-04-10,13.620000000000001,0.05199999999999997,0.0,0.0,47.666666666666664,53.214285714285715,42.5
2022-04-11,8.3325,0.0022891566265060242,0.0,0.0,48.0,56.0,37.69230769230769
2022-04-12,5.838888888888889,0.016627906976744194,0.0,0.0,56.0,66.07692307692308,44.69230769230769
2022-04-13,5.9575,0.035949367088607596,0.0,0.0,59.0,70.15384615384616,47.92307692307692
2022-04-14,8.326666666666666,0.013544303797468356,0.0,0.0,63.666666666666664,75.78571428571429,53.57142857142857
2022-04-15,9.867777777777777,0.11493827160493826,0.0,0.0,60.333333333333336,74.71428571428571,47.785714285714285
2022-04-16,10.19111111111111,0.019736842105263157,0.0,0.0,58.666666666666664,69.0,46.142857142857146
2022-04-17,10.984444444444444,0.15137499999999998,0.0,0.0,47.666666666666664,59.214285714285715,40.214285714285715
2022-04-18,10.241111111111111,0.09794871794871793,0.0,0.0,45.333333333333336,52.07142857142857,34.92857142857143
2022-04-19,16.13111111111111,1.5896551724137935,0.0,0.0,46.0,52.0,37.92857142857143
2022-04-20,9.915555555555557,0.02703703703703702,0.0,0.0,49.0,55.785714285714285,40.642857142857146
2022-04-21,8.275555555555556,0.000125,0.0,0.0,51.0,59.285714285714285,41.214285714285715
2022-04-22,8.922222222222224,0.00025316455696202533,0.0,0.0,58.666666666666664,66.07142857142857,45.357142857142854
2022-04-23,6.185555555555556,0.0,0.0,0.0,56.333333333333336,65.57142857142857,46.857142857142854
2022-04-24,7.431111111111111,0.0006849315068493151,0.0,0.0,54.666666666666664,62.0,47.142857142857146
2022-04-25,7.495,0.0,0.0,0.0,51.0,59.53846153846154,44.53846153846154
2022-04-26,5.122222222222223,0.004235294117647059,0.0,0.0,54.666666666666664,59.92857142857143,49.357142857142854
2022-04-27,17.0,0.04517241379310345,0.0,0.0,53.666666666666664,58.84615384615385,43.0
2022-04-28,15.483333333333333,0.0,0.0,0.0,47.666666666666664,57.5,40.0
2022-04-29,12.303333333333335,0.0,0.0,0.0,51.666666666666664,60.42857142857143,40.142857142857146
2022-04-30,6.636666666666666,0.0,0.0,0.0,55.666666666666664,65.64285714285714,41.357142857142854
2022-05-01,6.163333333333334,0.00024390243902439024,0.0,0.0,55.333333333333336,67.28571428571429,41.785714285714285
2022-05-02,7.0475,0.23866666666666667,0.0,0.0,55.0,59.84615384615385,48.76923076923077
2022-05-03,7.655555555555556,0.046704545454545436,0.0,0.0,55.333333333333336,59.642857142857146,49.714285714285715
2022-05-04,4.847777777777777,0.09890109890109887,0.0,0.0,54.333333333333336,64.35714285714286,49.642857142857146
2022-05-05,6.86,0.02894117647058823,0.0,0.0,62.666666666666664,69.35714285714286,53.0
2022-05-06,5.145555555555556,0.09295454545454541,0.0,0.0,57.666666666666664,65.14285714285714,51.5
2022-05-07,12.477777777777781,1.2215116279069766,0.0,0.0,50.0,54.857142857142854,46.642857142857146
2022-05-08,12.825555555555555,0.7751764705882357,0.0,0.0,51.0,56.142857142857146,44.214285714285715
2022-05-09,12.899999999999999,0.007160493827160498,0.0,0.0,57.0,65.42857142857143,45.07142857142857
2022-05-10,11.458888888888888,0.00023255813953488373,0.0,0.0,61.0,71.5,49.07142857142857
2022-05-11,8.152222222222223,0.00022988505747126436,0.0,0.0,61.666666666666664,74.21428571428571,51.57142857142857
2022-05-12,5.942222222222223,0.00022727272727272727,0.0,0.0,63.0,74.14285714285714,54.785714285714285
2022-05-13,5.692222222222223,0.011500000000000007,0.0,0.0,62.333333333333336,72.5,57.142857142857146
2022-05-14,4.101111111111111,0.07886075949367087,0.0,0.0,63.333333333333336,71.92857142857143,59.0
2022-05-15,5.417777777777778,0.2812048192771085,0.0,0.0,65.0,75.57142857142857,58.92857142857143
2022-05-16,7.157777777777777,0.025,0.0,0.0,68.0,76.35714285714286,60.57142857142857
2022-05-17,12.278888888888888,0.15118279569892468,0.0,0.0,67.66666666666667,77.07142857142857,55.57142857142857
2022-05-18,8.203333333333335,0.0003333333333333333,0.0,0.0,64.33333333333333,75.0,54.57142857142857
2022-05-19,4.995555555555556,0.7792473118279567,0.0,0.0,60.0,68.92857142857143,54.42857142857143
2022-05-20,5.243333333333333,0.09977011494252871,0.0,0.0,60.333333333333336,68.28571428571429,52.642857142857146
2022-05-21,5.145555555555556,0.3411627906976744,0.0,0.0,71.33333333333333,84.14285714285714,58.5
2022-05-22,7.333333333333333,0.018625000000000003,0.0,0.0,80.0,90.35714285714286,65.92857142857143
2022-05-23,8.922222222222222,0.05151162790697674,0.0,0.0,71.0,81.64285714285714,61.07142857142857
2022-05-24,6.636666666666667,0.00044943820224719103,0.0,0.0,63.666666666666664,71.5,56.714285714285715
2022-05-25,5.2188888888888885,0.0,0.0,0.0,60.666666666666664,68.71428571428571,52.285714285714285
2022-05-26,7.307777777777777,0.00011627906976744187,0.0,0.0,61.333333333333336,70.28571428571429,52.5
2022-05-27,7.656666666666666,0.07035714285714284,0.0,0.0,68.33333333333333,76.21428571428571,60.285714285714285
2022-05-28,6.088888888888888,0.965862068965517,0.0,0.0,69.33333333333333,76.78571428571429,62.285714285714285
2022-05-29,4.896666666666666,0.3996385542168674,0.0,0.0,69.66666666666667,76.71428571428571,58.285714285714285
2022-05-30,6.511111111111112,0.0002564102564102564,0.0,0.0,73.0,82.57142857142857,59.92857142857143
2022-05-31,8.027777777777777,0.0,0.0,0.0,82.66666666666667,91.14285714285714,62.785714285714285
2022-06-01,8.1675,0.14032608695652166,0.0,0.0,66.33333333333333,79.3076923076923,58.61538461538461
2022-06-02,5.3412500000000005,0.9510204081632657,0.0,0.0,68.66666666666667,75.76923076923077,60.15384615384615
2022-06-03,5.915555555555555,0.3144210526315788,0.0,0.0,68.66666666666667,77.5,61.785714285714285
2022-06-04,5.716666666666667,0.0036666666666666675,0.0,0.0,71.33333333333333,78.64285714285714,57.214285714285715
2022-06-05,5.642222222222222,0.00012048192771084338,0.0,0.0,68.66666666666667,78.35714285714286,54.857142857142854
2022-06-06,6.3475,0.0,0.0,0.0,70.66666666666667,79.15384615384616,56.30769230769231
2022-06-07,11.492500000000001,0.004831460674157303,0.0,0.0,70.66666666666667,79.0,57.69230769230769
2022-06-08,7.77375,0.12173469387755098,0.0,0.0,75.0,81.6923076923077,64.46153846153847
2022-06-09,12.52625,0.7210309278350515,0.0,0.0,76.0,83.38461538461539,64.46153846153847
2022-06-10,7.3066666666666675,0.013023255813953489,0.0,0.0,71.66666666666667,80.85714285714286,60.5
2022-06-11,5.118888888888889,0.008875000000000001,0.0,0.0,72.0,78.0,62.07142857142857
2022-06-12,6.611111111111111,0.04353658536585365,0.0,0.0,68.33333333333333,74.14285714285714,61.214285714285715
2022-06-13,5.23,0.3334883720930233,0.0,0.0,75.33333333333333,80.38461538461539,64.38461538461539
2022-06-14,5.95625,0.002608695652173913,0.0,0.0,75.33333333333333,84.23076923076923,65.15384615384616
2022-06-15,7.41125,0.00011764705882352942,0.0,0.0,74.0,81.76923076923077,63.38461538461539
2022-06-16,9.31125,0.17108695652173916,0.0,0.0,69.33333333333333,75.76923076923077,62.38461538461539
2022-06-17,9.294444444444444,0.19662790697674423,0.0,0.0,78.0,84.57142857142857,66.64285714285714
2022-06-18,13.296666666666665,0.001375,0.0,0.0,72.66666666666667,81.5,60.07142857142857
2022-06-19,11.928888888888887,0.0010126582278481013,0.0,0.0,64.33333333333333,74.07142857142857,54.214285714285715
2022-06-20,6.99,0.0,0.0,0.0,70.0,77.15384615384616,55.0
2022-06-21,3.7462500000000007,0.005402298850574714,0.0,0.0,72.0,79.53846153846153,58.0
2022-06-22,7.775,0.09956043956043957,0.0,0.0,66.66666666666667,71.38461538461539,60.69230769230769
2022-06-23,5.9,0.14931818181818185,0.0,0.0,67.66666666666667,71.38461538461539,59.76923076923077
2022-06-24,5.293333333333333,0.029375000000000002,0.0,0.0,71.0,78.92857142857143,61.0
2022-06-25,5.2700000000000005,0.0026582278481012663,0.0,0.0,78.66666666666667,87.0,64.5
2022-06-26,7.853333333333333,0.005324675324675324,0.0,0.0,80.0,89.28571428571429,68.0
2022-06-27,6.767500000000001,0.05289156626506024,0.0,0.0,75.33333333333333,82.84615384615384,67.61538461538461
2022-06-28,5.742222222222223,0.30908045977011495,0.0,0.0,73.0,79.0,63.5
2022-06-29,6.34,0.0,0.0,0.0,74.66666666666667,82.14285714285714,61.42857142857143
2022-06-30,6.264999999999999,0.0020731707317073167,0.0,0.0,78.0,85.84615384615384,64.46153846153847
2022-07-01,8.555000000000001,0.0,0.0,0.0,81.0,89.46153846153847,67.38461538461539
2022-07-02,7.745,0.03289473684210526,0.0,0.0,83.0,90.23076923076923,73.07692307692308
2022-07-03,6.655,0.027215189873417724,0.0,0.0,81.33333333333333,87.38461538461539,69.84615384615384
2022-07-04,6.010000000000002,0.0006578947368421052,0.0,0.0,78.33333333333333,85.6923076923077,61.46153846153846
2022-07-05,9.00375,0.004390243902439025,0.0,0.0,78.0,85.6923076923077,66.61538461538461
2022-07-06,8.69625,0.031875,0.0,0.0,80.0,86.46153846153847,71.15384615384616
2022-07-07,7.717500000000001,0.00012195121951219512,0.0,0.0,77.66666666666667,83.53846153846153,67.76923076923077
2022-07-08,4.055,0.025750000000000002,0.0,0.0,74.33333333333333,83.38461538461539,64.61538461538461
2022-07-09,6.067499999999999,0.1286075949367088,0.0,0.0,77.0,84.6923076923077,67.84615384615384
2022-07-10,7.298750000000001,0.0,0.0,0.0,74.66666666666667,83.3076923076923,64.0
2022-07-11,8.975,0.0,0.0,0.0,75.0,83.6923076923077,63.38461538461539
2022-07-12,10.59625,0.00025,0.0,0.0,78.33333333333333,87.53846153846153,66.92307692307692
2022-07-13,6.654999999999999,0.018433734939759035,0.0,0.0,84.0,90.3076923076923,71.23076923076923
2022-07-14,6.374999999999998,0.00012658227848101267,0.0,0.0,81.0,90.46153846153847,69.53846153846153
2022-07-15,6.6537500000000005,0.007532467532467534,0.0,0.0,78.66666666666667,86.38461538461539,68.61538461538461
2022-07-16,5.1450000000000005,0.0377922077922078,0.0,0.0,76.0,83.92307692307692,68.0
2022-07-17,5.20125,0.22827586206896555,0.0,0.0,77.66666666666667,84.0,69.76923076923077
2022-07-18,7.411250000000001,0.276375,0.0,0.0,79.0,84.0,71.0
2022-07-19,9.31125,1.107093023255814,0.0,0.0,82.66666666666667,88.6923076923077,72.6923076923077
2022-07-20,7.1312500000000005,0.000375,0.0,0.0,87.0,94.76923076923077,73.92307692307692
2022-07-21,8.16625,0.03217948717948718,0.0,0.0,85.66666666666667,94.6923076923077,73.92307692307692
2022-07-22,5.815,0.14329268292682928,0.0,0.0,88.0,95.3076923076923,74.6923076923077
2022-07-23,5.423749999999999,0.012658227848101269,0.0,0.0,87.0,95.66666666666667,74.66666666666667
2022-07-24,9.142499999999998,0.0,0.0,0.0,86.66666666666667,96.23076923076923,75.38461538461539
2022-07-25,8.16375,0.04933333333333333,0.0,0.0,84.33333333333333,91.0,75.61538461538461
2022-07-26,6.263749999999999,0.1495180722891566,0.0,0.0,78.66666666666667,84.07692307692308,68.92307692307692
2022-07-27,5.48125,0.0002564102564102564,0.0,0.0,77.66666666666667,83.84615384615384,64.92307692307692
2022-07-28,6.880000000000001,0.13344827586206887,0.0,0.0,79.66666666666667,87.38461538461539,70.84615384615384
2022-07-29,6.543749999999999,0.005714285714285715,0.0,0.0,81.66666666666667,86.92307692307692,72.84615384615384
2022-07-30,8.50125,0.01,0.0,0.0,81.33333333333333,87.3076923076923,71.6923076923077
2022-07-31,5.45125,0.0,0.0,0.0,78.66666666666667,87.0,66.3076923076923
2022-08-01,4.835,0.33379310344827584,0.0,0.0,73.66666666666667,80.23076923076923,66.92307692307692
2022-08-02,6.5725,0.024444444444444446,0.0,0.0,79.0,85.53846153846153,68.38461538461539
2022-08-03,6.206250000000001,0.0022891566265060242,0.0,0.0,82.66666666666667,90.6923076923077,70.07692307692308
2022-08-04,6.99,0.0,0.0,0.0,83.0,92.0,71.3076923076923
2022-08-05,6.48625,0.046363636363636364,0.0,0.4333333333333333,83.33333333333333,91.92307692307692,73.53846153846153
2022-08-06,8.081249999999999,0.008860759493670886,0.0,0.0,83.0,91.38461538461539,73.76923076923077
2022-08-07,10.095,0.0175,0.0,0.0,83.66666666666667,92.5,76.33333333333333
2022-08-08,10.345000000000002,0.04493827160493826,0.0,0.0,85.33333333333333,93.07692307692308,77.46153846153847
2022-08-09,8.61125,0.030769230769230774,0.0,0.0,87.0,95.38461538461539,77.61538461538461
2022-08-10,6.655,0.08,0.0,0.0,82.0,91.0,73.07692307692308
2022-08-11,5.7325,0.12769230769230766,0.0,0.0,79.66666666666667,87.92307692307692,71.46153846153847
2022-08-12,9.3375,0.04397435897435895,0.0,0.0,78.33333333333333,86.15384615384616,69.46153846153847
2022-08-13,7.465,0.0,0.0,0.0,74.0,81.53846153846153,62.84615384615385
2022-08-14,5.955,0.0,0.0,0.0,74.0,81.23076923076923,61.15384615384615
2022-08-15,4.6425,0.0,0.0,0.0,75.0,82.53846153846153,63.23076923076923
2022-08-16,6.9350000000000005,0.0,0.0,0.0,73.66666666666667,82.76923076923077,62.84615384615385
2022-08-17,4.726249999999999,0.04134146341463414,0.0,0.0,73.66666666666667,81.53846153846153,63.69230769230769
2022-08-18,6.404999999999999,0.0195,0.0,0.0,75.33333333333333,84.46153846153847,62.53846153846154
2022-08-19,6.62625,0.000641025641025641,0.0,0.0,78.66666666666667,88.76923076923077,64.76923076923077
2022-08-20,5.53625,0.000125,0.0,0.0,80.33333333333333,89.38461538461539,68.53846153846153
2022-08-21,6.095,0.1170238095238095,0.0,0.0,77.0,85.76923076923077,68.07692307692308
2022-08-22,4.92125,0.11156626506024094,0.0,0.0,75.33333333333333,81.0,70.3076923076923
2022-08-23,6.431250000000001,0.7419277108433736,0.0,0.0,77.66666666666667,83.38461538461539,70.3076923076923
2022-08-24,7.01875,0.06101265822784809,0.0,0.0,80.0,88.0,68.3076923076923
2022-08-25,5.64875,0.0,0.0,0.0,82.0,90.0,67.6923076923077
2022-08-26,6.487142857142857,0.0070886075949367095,0.0,0.0,80.33333333333333,89.16666666666667,69.41666666666667
2022-08-27,5.42375,0.0332051282051282,0.0,0.0,81.66666666666667,89.07692307692308,71.23076923076923
2022-08-28,7.8825,0.0,0.0,0.0,76.66666666666667,84.07692307692308,71.61538461538461
2022-08-29,7.213750000000001,0.00025,0.0,0.0,78.33333333333333,84.76923076923077,72.38461538461539
2022-08-30,9.227500000000001,0.02025,0.0,0.0,79.66666666666667,87.15384615384616,72.15384615384616
2022-08-31,8.498750000000001,0.20842696629213475,0.0,0.0,78.33333333333333,86.61538461538461,68.53846153846153
2022-09-01,8.55,0.00012048192771084338,0.0,0.0,78.33333333333333,85.28571428571429,65.5
2022-09-02,6.112222222222223,0.0,0.0,0.0,71.33333333333333,81.42857142857143,59.785714285714285
2022-09-03,5.0200000000000005,0.0,0.0,0.0,72.0,79.78571428571429,61.285714285714285
2022-09-04,5.318888888888889,0.000625,0.0,0.0,77.33333333333333,85.28571428571429,66.28571428571429
2022-09-05,5.466666666666667,0.09699999999999996,0.0,0.0,77.66666666666667,87.0,70.92857142857143
2022-09-06,6.2622222222222215,0.5309782608695652,0.0,0.0,73.66666666666667,78.85714285714286,68.5
2022-09-07,8.226666666666667,0.6146875000000003,0.0,0.0,69.0,73.14285714285714,65.35714285714286
2022-09-08,5.90125,0.013369565217391311,0.0,0.0,71.0,76.0,63.15384615384615
2022-09-09,5.094444444444445,0.0,0.0,0.0,70.33333333333333,78.92857142857143,59.714285714285715
2022-09-10,4.473333333333333,0.0,0.0,0.0,73.0,82.07142857142857,60.357142857142854
2022-09-11,3.801111111111111,0.035595238095238076,0.0,0.0,73.33333333333333,79.0,63.92857142857143
2022-09-12,4.596666666666668,0.4296629213483146,0.0,0.0,72.66666666666667,79.0,66.92857142857143
2022-09-13,7.057777777777778,1.0374226804123712,0.0,0.0,76.0,81.92857142857143,67.21428571428571
2022-09-14,8.30375,0.05155555555555554,0.0,0.0,73.0,82.0,60.61538461538461
2022-09-15,8.808750000000002,0.0,0.0,0.0,71.33333333333333,76.15384615384616,58.92307692307692
2022-09-16,4.0777777777777775,0.0,0.0,0.0,67.0,74.92857142857143,52.857142857142854
2022-09-17,6.635555555555556,0.0,0.0,0.0,69.33333333333333,74.5,58.642857142857146
2022-09-18,8.475555555555555,0.0,0.0,0.0,73.33333333333333,80.07692307692308,63.38461538461539
2022-09-19,6.961249999999999,0.01,0.0,0.0,76.33333333333333,84.5,65.58333333333333
2022-09-20,7.9399999999999995,0.08691489361702126,0.0,0.0,73.33333333333333,82.5,64.91666666666667
2022-09-21,6.163333333333333,0.007386363636363636,0.0,0.0,71.66666666666667,79.3076923076923,60.15384615384615
2022-09-22,10.064444444444444,0.08873684210526311,0.0,0.0,70.66666666666667,77.53846153846153,59.07692307692308
2022-09-23,13.745555555555558,0.2617346938775511,0.0,0.0,58.666666666666664,69.15384615384616,50.30769230769231
2022-09-24,6.759999999999999,0.0005882352941176471,0.0,0.0,58.0,67.6923076923077,47.30769230769231
2022-09-25,6.48888888888889,0.06494117647058822,0.0,0.0,66.0,71.61538461538461,53.46153846153846
2022-09-26,8.027777777777777,0.49104166666666665,0.0,0.0,66.0,73.61538461538461,57.23076923076923
2022-09-27,7.53111111111111,0.002795698924731183,0.0,0.0,65.66666666666667,72.07692307692308,55.53846153846154
2022-09-28,7.331111111111111,0.0,0.0,0.0,62.0,70.23076923076923,51.53846153846154
2022-09-29,8.823333333333334,0.00032967032967032967,0.0,0.0,61.666666666666664,68.0,51.714285714285715
2022-09-30,11.134444444444448,0.0,0.0,0.0,57.666666666666664,64.35714285714286,51.07142857142857
2022-10-01,11.284444444444446,0.42989130434782613,0.0,0.0,57.333333333333336,61.07142857142857,51.92857142857143
2022-10-02,14.613333333333335,0.20543478260869572,0.0,0.0,57.333333333333336,60.57142857142857,51.07142857142857
2022-10-03,12.501111111111111,0.5352808988764046,0.0,0.0,51.333333333333336,55.57142857142857,48.642857142857146
2022-10-04,12.8625,1.6992857142857136,0.0,0.0,49.333333333333336,53.69230769230769,45.84615384615385
2022-10-05,8.153333333333332,0.7408163265306121,0.0,0.0,55.333333333333336,58.142857142857146,50.5
2022-10-06,3.2566666666666673,0.2868478260869565,0.0,0.0,62.0,68.78571428571429,52.0
2022-10-07,7.4662500000000005,0.0005617977528089888,0.0,0.0,66.33333333333333,76.0,53.61538461538461
2022-10-08,8.055,0.035227272727272725,0.0,0.0,56.666666666666664,66.07692307692308,45.23076923076923
2022-10-09,6.598749999999999,0.0007058823529411764,0.0,0.0,52.666666666666664,61.0,40.15384615384615
2022-10-10,5.48125,0.00022471910112359551,0.0,0.0,57.0,65.6923076923077,43.76923076923077
2022-10-11,4.3625,0.00011111111111111112,0.0,0.0,60.333333333333336,69.92307692307692,45.76923076923077
2022-10-12,5.9575,0.0,0.0,0.0,60.666666666666664,70.15384615384616,48.30769230769231
2022-10-13,9.7025,0.08144444444444444,0.0,0.0,64.0,70.07692307692308,51.69230769230769
2022-10-14,6.655,0.8051041666666664,0.0,0.0,60.333333333333336,68.53846153846153,50.0
2022-10-15,6.287777777777777,0.007590361445783133,0.0,0.0,59.666666666666664,68.42857142857143,45.642857142857146
2022-10-16,3.6033333333333335,0.0,0.0,0.0,60.0,67.5,47.857142857142854
2022-10-17,5.731249999999999,0.05532608695652168,0.0,0.0,61.0,66.3076923076923,50.61538461538461
2022-10-18,7.877777777777778,0.23868686868686867,0.0,0.0,54.333333333333336,61.07142857142857,46.0
2022-10-19,8.36,0.00010526315789473685,0.0,0.0,49.0,55.69230769230769,38.0
2022-10-20,9.245555555555557,0.0,0.0,0.0,51.666666666666664,57.5,39.57142857142857
2022-10-21,3.007777777777778,0.0,0.0,0.0,54.666666666666664,61.714285714285715,39.785714285714285
2022-10-22,3.1555555555555554,0.0,0.0,0.0,56.333333333333336,65.35714285714286,41.357142857142854
2022-10-23,8.004444444444445,0.0032183908045977016,0.0,0.0,57.666666666666664,63.57142857142857,48.0
2022-10-24,7.606666666666667,0.42777777777777787,0.0,0.0,57.666666666666664,61.357142857142854,53.57142857142857
2022-10-25,4.922499999999999,0.3290425531914893,0.0,0.0,64.0,68.53846153846153,58.15384615384615
2022-10-26,4.2,0.03772727272727271,0.0,0.0,65.66666666666667,72.64285714285714,59.857142857142854
2022-10-27,10.7925,0.010952380952380956,0.0,0.0,62.0,67.38461538461539,50.53846153846154
2022-10-28,6.958888888888889,0.00011627906976744187,0.0,0.0,52.333333333333336,60.69230769230769,44.92307692307692
2022-10-29,4.275555555555555,0.0,0.0,0.0,50.666666666666664,58.714285714285715,40.142857142857146
2022-10-30,2.2925,0.0,0.0,0.0,52.333333333333336,61.84615384615385,36.69230769230769
2022-10-31,4.127777777777777,0.009135802469135802,0.0,0.0,57.0,64.07142857142857,42.42857142857143
2022-11-01,5.641111111111112,0.26,0.0,0.0,62.333333333333336,67.0,53.23076923076923
2022-11-02,4.69875,0.008470588235294122,0.0,0.0,63.666666666666664,69.91666666666667,51.833333333333336
2022-11-03,3.751111111111111,0.00011363636363636364,0.0,0.0,58.333333333333336,68.42857142857143,46.07142857142857
2022-11-04,4.248888888888889,0.0003529411764705882,0.0,0.0,58.0,69.64285714285714,46.214285714285715
2022-11-05,7.830000000000001,0.0,0.0,0.0,66.66666666666667,73.15384615384616,54.15384615384615
2022-11-06,7.457777777777778,0.000975609756097561,0.0,0.0,68.33333333333333,74.92857142857143,62.285714285714285
2022-11-07,10.48625,0.02488095238095239,0.0,0.0,70.66666666666667,75.84615384615384,57.53846153846154
2022-11-08,9.843333333333332,0.00011764705882352942,0.0,0.0,56.0,66.92857142857143,46.57142857142857
2022-11-09,5.243333333333333,0.0,0.0,0.0,47.666666666666664,57.42857142857143,38.214285714285715
2022-11-10,4.375555555555556,0.0,0.0,0.0,53.666666666666664,61.214285714285715,39.642857142857146
2022-11-11,7.133333333333334,0.09256097560975607,0.0,0.0,62.0,67.71428571428571,48.92857142857143
2022-11-12,9.69222222222222,0.8995652173913042,0.0,0.0,68.0,70.35714285714286,57.57142857142857
2022-11-13,10.96111111111111,0.08423529411764705,0.0,0.0,56.0,64.07142857142857,44.714285714285715
2022-11-14,9.47875,0.02530120481927711,0.0,0.0,43.0,48.15384615384615,34.76923076923077
2022-11-15,7.705555555555555,0.042727272727272725,0.0,0.0,40.333333333333336,48.142857142857146,31.285714285714285
2022-11-16,11.333333333333332,0.8169696969696969,0.0,0.0,45.0,49.214285714285715,36.642857142857146
2022-11-17,11.483333333333334,0.01857142857142858,0.0,0.0,42.0,47.857142857142854,36.214285714285715
2022-11-18,11.534444444444443,0.00036585365853658537,0.0,0.0,39.666666666666664,44.714285714285715,31.857142857142858
2022-11-19,8.076666666666666,0.004470588235294119,0.0017543859649122807,0.0,37.0,41.57142857142857,28.785714285714285
2022-11-20,13.271111111111114,0.0002469135802469136,0.0,0.0,36.333333333333336,39.357142857142854,28.0
2022-11-21,8.972222222222221,0.0,0.0,0.0,33.666666666666664,39.57142857142857,24.714285714285715
2022-11-22,6.363333333333333,0.0,0.0,0.0,43.0,47.357142857142854,29.857142857142858
2022-11-23,5.243333333333333,0.0,0.0,0.0,46.666666666666664,53.5,33.142857142857146
2022-11-24,4.323333333333333,0.0,0.0,0.0,45.333333333333336,53.92857142857143,33.0
2022-11-25,10.165555555555555,0.01737500000000001,0.0,0.0,49.0,54.285714285714285,37.5
2022-11-26,9.445555555555554,0.024430379746835453,0.0,0.0,49.0,55.57142857142857,40.5
2022-11-27,7.283333333333333,0.06582278481012657,0.0,0.0,49.333333333333336,57.285714285714285,41.0
2022-11-28,12.1075,0.43797619047619046,0.0,0.0,53.333333333333336,56.15384615384615,40.84615384615385
2022-11-29,3.0055555555555555,0.001529411764705882,0.0,0.0,41.666666666666664,47.857142857142854,32.214285714285715
2022-11-30,10.563333333333333,0.06846153846153845,0.0,0.0,47.0,52.92857142857143,33.857142857142854
2022-12-01,12.477777777777778,0.6342696629213485,0.0,0.0,42.0,49.285714285714285,34.214285714285715
2022-12-02,4.695555555555554,0.00032967032967032967,0.0,0.0,37.666666666666664,44.57142857142857,27.857142857142858
2022-12-03,11.033333333333337,0.09209302325581395,0.0,0.0,51.0,55.285714285714285,35.285714285714285
2022-12-04,6.835555555555556,0.34216867469879514,0.0,0.0,45.0,50.5,34.642857142857146
2022-12-05,3.52375,0.006024096385542169,0.0,0.0,40.0,46.15384615384615,27.384615384615383
2022-12-06,7.355555555555556,0.07793103448275861,0.0,0.0,47.333333333333336,54.285714285714285,32.57142857142857
2022-12-07,6.563333333333333,0.9226804123711346,0.0,0.0,56.666666666666664,57.714285714285715,49.357142857142854
2022-12-08,9.272222222222224,0.06534883720930225,0.0,0.0,53.0,55.857142857142854,43.92857142857143
2022-12-09,9.543333333333333,0.00046511627906976747,0.0,0.0,42.0,49.42857142857143,34.0
2022-12-10,7.454444444444444,0.0,0.0,0.0,36.0,42.0,30.714285714285715
2022-12-11,8.451111111111112,0.026904761904761907,0.03428571428571429,0.1,38.333333333333336,38.857142857142854,32.142857142857146
2022-12-12,9.273333333333333,0.2757317073170731,0.6136363636363636,0.29615384615384616,35.333333333333336,38.07142857142857,29.571428571428573
2022-12-13,8.377777777777776,0.0017283950617283952,0.001388888888888889,0.09565217391304348,32.666666666666664,39.642857142857146,25.214285714285715
2022-12-14,11.60375,0.0,0.0,0.047619047619047616,34.666666666666664,39.15384615384615,27.76923076923077
2022-12-15,10.48625,0.07614457831325301,0.02702702702702703,0.0,36.333333333333336,40.916666666666664,30.166666666666668
2022-12-16,13.421111111111113,1.0933333333333335,0.0,0.0,43.333333333333336,44.642857142857146,36.214285714285715
2022-12-17,11.11,0.33216867469879524,0.0,0.0,40.666666666666664,45.0,35.5
2022-12-18,9.67,0.0003488372093023256,0.0,0.0,37.333333333333336,41.785714285714285,30.642857142857142
2022-12-19,11.83,0.001098901098901099,0.0,0.0,34.666666666666664,39.07692307692308,29.615384615384617
2022-12-20,8.401111111111113,0.0,0.0,0.0,35.333333333333336,39.0,28.642857142857142
2022-12-21,3.257777777777778,0.0,0.0,0.0,33.0,40.0,24.857142857142858
2022-12-22,9.32,0.026904761904761904,0.0,0.0,37.666666666666664,45.285714285714285,27.142857142857142
2022-12-23,18.741111111111113,1.3094623655913975,0.0,0.0,45.333333333333336,56.5,18.714285714285715
2022-12-24,16.6375,0.14580246913580244,0.0,0.0,11.0,29.46153846153846,6.461538461538462
2022-12-25,13.084999999999999,0.0,0.0,0.0,20.0,22.923076923076923,10.692307692307692
2022-12-26,9.11625,0.0,0.0,0.0,23.666666666666668,28.153846153846153,16.307692307692307
2022-12-27,7.35375,0.0,0.0,0.0,30.666666666666668,32.15384615384615,23.53846153846154
2022-12-28,5.99,0.00036144578313253013,0.0,0.0,37.333333333333336,41.357142857142854,27.142857142857142
2022-12-29,5.094444444444444,0.0,0.0,0.0,41.333333333333336,47.714285714285715,30.285714285714285
2022-12-30,4.124444444444444,0.0,0.0,0.0,46.333333333333336,54.92857142857143,34.142857142857146
2022-12-31,2.5855555555555556,0.044,0.0,0.0,48.0,55.214285714285715,39.857142857142854
2023-01-01,7.058888888888889,0.2716666666666668,0.0,0.0,51.0,54.785714285714285,43.57142857142857
2023-01-02,3.9522222222222223,0.0019047619047619048,0.0,0.0,49.0,54.642857142857146,39.857142857142854
2023-01-03,3.853333333333334,0.08321839080459766,0.0,0.0,49.666666666666664,54.42857142857143,44.07142857142857
2023-01-04,5.3933333333333335,0.33741176470588236,0.0,0.0,55.0,60.42857142857143,47.142857142857146
2023-01-05,5.343333333333334,0.04561797752808986,0.0,0.0,49.333333333333336,57.07142857142857,45.642857142857146
2023-01-06,5.392222222222222,0.2642222222222222,0.0,0.0,45.0,49.214285714285715,40.785714285714285
2023-01-07,7.7555555555555555,0.026829268292682923,0.0,0.0,41.333333333333336,46.285714285714285,34.285714285714285
2023-01-08,5.218888888888889,0.0011764705882352942,0.0,0.0,37.666666666666664,42.285714285714285,30.285714285714285
2023-01-09,6.313333333333333,0.0151219512195122,0.0,0.0,40.333333333333336,42.642857142857146,32.714285714285715
2023-01-10,6.711250000000001,0.000909090909090909,0.0,0.0,39.333333333333336,41.92307692307692,33.76923076923077
2023-01-11,6.040000000000001,0.0,0.0,0.0,38.333333333333336,39.92857142857143,33.57142857142857
2023-01-12,7.457777777777778,0.04874999999999997,0.0,0.0,42.333333333333336,49.42857142857143,34.92857142857143
2023-01-13,11.456666666666667,0.2814444444444445,0.0,0.0,51.333333333333336,55.5,37.785714285714285
2023-01-14,14.515555555555558,0.015569620253164565,0.0,0.0,36.0,43.357142857142854,31.142857142857142
2023-01-15,14.615555555555554,0.00037974683544303797,0.0,0.0,34.0,39.0,29.285714285714285
2023-01-16,10.016666666666666,0.0,0.0,0.0,36.333333333333336,44.785714285714285,28.0
2023-01-17,4.623333333333333,0.00125,0.0,0.0,40.333333333333336,46.214285714285715,28.928571428571427
2023-01-18,11.10125,0.0131764705882353,0.0,0.0,47.0,50.53846153846154,35.92307692307692
2023-01-19,5.6899999999999995,0.10999999999999999,0.0,0.0,42.666666666666664,47.15384615384615,36.857142857142854
2023-01-20,9.817777777777778,0.9052173913043482,0.0,0.0,44.333333333333336,47.42857142857143,37.714285714285715
2023-01-21,8.127777777777778,0.002771084337349397,0.0,0.0,40.333333333333336,43.92857142857143,36.285714285714285
2023-01-22,5.915555555555557,0.051728395061728376,0.0,0.0,38.666666666666664,41.57142857142857,35.285714285714285
2023-01-23,11.43222222222222,0.6942352941176472,0.0,0.0,38.333333333333336,40.0,35.42857142857143
2023-01-24,11.258888888888887,0.16872093023255824,0.0,0.0,39.333333333333336,43.357142857142854,34.357142857142854
2023-01-25,8.026666666666667,0.11677777777777777,0.007042253521126761,0.0,38.666666666666664,49.92857142857143,30.714285714285715
2023-01-26,13.321111111111112,1.4657608695652176,0.1222222222222222,0.020833333333333332,47.666666666666664,54.07142857142857,36.5
2023-01-27,6.811111111111111,0.010493827160493829,0.0,0.0,40.0,43.785714285714285,31.428571428571427
2023-01-28,8.178888888888888,0.0007317073170731707,0.0029850746268656717,0.004545454545454546,41.666666666666664,48.57142857142857,30.928571428571427
2023-01-29,6.263333333333334,0.0,0.0,0.0,45.666666666666664,51.285714285714285,35.785714285714285
2023-01-30,4.348888888888888,0.00011904761904761905,0.0,0.0,46.333333333333336,52.857142857142854,37.42857142857143
2023-01-31,7.38111111111111,0.0323076923076923,0.02820512820512821,0.018181818181818184,40.666666666666664,49.5,32.357142857142854
2023-02-01,6.809999999999999,0.029310344827586206,0.16530612244897963,0.09655172413793105,32.666666666666664,37.61538461538461,25.642857142857142
2023-02-02,6.794999999999999,0.00023529411764705883,0.003846153846153846,0.36,33.0,38.42857142857143,23.928571428571427
2023-02-03,20.04875,0.0,0.0,0.0,29.0,36.642857142857146,16.071428571428573
2023-02-04,11.283333333333333,0.0,0.0,0.0,13.0,26.285714285714285,3.4285714285714284
2023-02-05,6.70888888888889,0.0,0.0,0.0,33.333333333333336,39.714285714285715,15.857142857142858
2023-02-06,8.747777777777777,0.0,0.0,0.0,43.0,50.0,30.142857142857142
2023-02-07,7.046250000000001,0.003076923076923077,0.0,0.0,35.666666666666664,45.214285714285715,27.0
2023-02-08,7.034444444444444,0.027586206896551724,0.0,0.0,44.0,47.92857142857143,31.285714285714285
2023-02-09,5.1688888888888895,0.00046511627906976747,0.0,0.0,44.0,52.357142857142854,31.714285714285715
2023-02-10,11.633333333333333,0.0018823529411764709,0.0,0.0,53.0,58.07142857142857,39.357142857142854
2023-02-11,9.593333333333334,0.0,0.0,0.0,43.333333333333336,51.42857142857143,33.92857142857143
2023-02-12,4.1937500000000005,0.004268292682926829,0.0,0.0,40.333333333333336,46.42857142857143,30.357142857142858
2023-02-13,9.295555555555556,0.043214285714285705,0.0,0.0,46.0,52.357142857142854,35.42857142857143
2023-02-14,8.799999999999999,0.00011764705882352942,0.0,0.0,48.333333333333336,54.857142857142854,39.142857142857146
2023-02-15,8.897777777777778,0.0,0.0,0.0,50.666666666666664,59.0,39.642857142857146
2023-02-16,4.6977777777777785,0.008749999999999999,0.0,0.0,57.0,66.42857142857143,46.142857142857146
2023-02-17,11.282222222222222,0.11595505617977536,0.0,0.0,53.0,63.0,38.642857142857146
2023-02-18,10.663333333333332,0.18845238095238098,0.0,0.0,34.666666666666664,49.857142857142854,26.5
2023-02-19,6.687777777777778,0.0007894736842105264,0.0,0.0,41.0,46.07142857142857,29.714285714285715
2023-02-20,6.314444444444444,0.000625,0.0,0.0,48.666666666666664,56.42857142857143,36.357142857142854
2023-02-21,6.93375,0.17337078651685392,0.0,0.0,44.333333333333336,53.07142857142857,35.714285714285715
2023-02-22,6.17875,0.08164705882352938,0.0,0.0,41.0,44.285714285714285,32.214285714285715
2023-02-23,7.800000000000001,0.16643678160919534,0.003125,0.0,39.666666666666664,43.07142857142857,35.785714285714285
2023-02-24,13.471111111111112,0.012261904761904767,0.0,0.0,42.666666666666664,44.92857142857143,30.285714285714285
2023-02-25,4.845555555555555,0.00012048192771084338,0.0,0.0,27.333333333333332,37.42857142857143,21.857142857142858
2023-02-26,6.288888888888888,0.003125,0.0532258064516129,0.02142857142857143,34.333333333333336,41.857142857142854,22.285714285714285
2023-02-27,7.779999999999998,0.03269230769230769,0.0958904109589041,0.1111111111111111,39.333333333333336,45.785714285714285,27.857142857142858
2023-02-28,7.206666666666668,0.5633734939759036,2.8553571428571436,2.825,34.666666666666664,39.714285714285715,31.142857142857142
2023-03-01,6.5975,0.05041095890410957,0.10263157894736842,1.616666666666667,38.666666666666664,41.38461538461539,27.923076923076923
2023-03-02,9.56125,0.035975609756097524,0.0,0.3166666666666667,44.0,50.30769230769231,35.15384615384615
2023-03-03,8.612499999999999,0.017125,0.0,0.0,41.333333333333336,48.46153846153846,32.0
2023-03-04,12.1075,1.2487356321839078,0.0,0.0,42.666666666666664,45.61538461538461,36.23076923076923
2023-03-05,11.9125,0.02417721518987342,0.0,0.0,44.666666666666664,50.53846153846154,35.07692307692308
2023-03-06,10.2625,0.015833333333333335,0.0027397260273972603,0.009090909090909092,46.333333333333336,53.0,36.30769230769231
2023-03-07,15.463749999999997,0.09792682926829267,0.524,0.544,42.333333333333336,49.15384615384615,32.0
2023-03-08,15.349999999999998,0.0015789473684210526,0.002898550724637681,0.0,38.0,46.38461538461539,30.076923076923077
2023-03-09,12.0225,0.0,0.0,0.0,41.333333333333336,48.53846153846154,31.76923076923077
2023-03-10,6.374999999999999,0.027837837837837838,0.0,0.0,39.666666666666664,47.46153846153846,31.923076923076923
2023-03-11,11.296249999999999,0.6501162790697674,0.2735294117647059,0.16666666666666666,41.333333333333336,44.92307692307692,34.30769230769231
2023-03-12,7.04625,0.09013513513513512,0.008823529411764706,0.0,39.666666666666664,45.30769230769231,31.307692307692307
2023-03-13,9.73,0.10158536585365849,0.0,0.0,42.0,44.61538461538461,35.53846153846154
2023-03-14,18.036250000000003,0.693372093023256,0.053125000000000006,0.0,37.666666666666664,40.46153846153846,33.61538461538461
2023-03-15,19.321250000000003,0.062261904761904754,0.317948717948718,0.2916666666666667,38.333333333333336,41.92307692307692,32.84615384615385
2023-03-16,8.079999999999998,0.000375,0.0,0.0,42.666666666666664,53.0,31.384615384615383
2023-03-17,5.565,0.0,0.0,0.0,50.0,57.92307692307692,37.30769230769231
2023-03-18,11.88375,0.014756097560975618,0.0,0.0,50.333333333333336,56.15384615384615,40.61538461538461
2023-03-19,13.84,0.0,0.0,0.0,37.666666666666664,45.15384615384615,29.0
2023-03-20,7.465,0.0,0.0,0.0,38.666666666666664,46.23076923076923,27.692307692307693
2023-03-21,7.66125,0.0,0.0,0.0,47.666666666666664,57.07692307692308,31.153846153846153
2023-03-22,7.438750000000001,0.001973684210526316,0.0,0.0,50.0,60.38461538461539,36.92307692307692
2023-03-23,6.904999999999999,0.012987012987012986,0.0,0.0,51.333333333333336,59.69230769230769,43.38461538461539
2023-03-24,7.24125,0.08023809523809525,0.0,0.0,51.333333333333336,57.0,42.92307692307692
2023-03-25,11.155,0.03243589743589743,0.0,0.0,44.666666666666664,48.76923076923077,39.84615384615385
2023-03-26,9.33875,0.19363636363636363,0.0,0.0,50.333333333333336,55.84615384615385,41.07692307692308
2023-03-27,7.550000000000001,0.022025316455696206,0.0,0.0,51.333333333333336,60.15384615384615,37.38461538461539
2023-03-28,7.04875,0.196551724137931,0.0,0.0,46.0,54.84615384615385,39.15384615384615
2023-03-29,8.41625,0.012051282051282057,0.0,0.0,46.0,53.0,35.23076923076923
2023-03-30,11.57625,0.017160493827160506,0.0,0.0,40.0,48.69230769230769,30.307692307692307
2023-03-31,6.039999999999999,0.0005263157894736842,0.0,0.0,43.666666666666664,50.23076923076923,30.23076923076923
2023-04-01,10.96125,0.13155844155844154,0.0,0.0,57.333333333333336,64.91666666666667,43.333333333333336
2023-04-02,14.568749999999998,0.3240740740740742,0.0,0.0,49.333333333333336,57.25,37.916666666666664
2023-04-03,8.333749999999998,0.0003896103896103896,0.0,0.0,46.666666666666664,56.0,32.5
2023-04-04,5.23,0.000125,0.0,0.0,55.666666666666664,66.41666666666667,41.75
2023-04-05,9.842500000000001,0.001,0.0,0.0,53.0,61.166666666666664,45.75
2023-04-06,6.8775,0.015487804878048789,0.0,0.0,56.0,68.92307692307692,46.53846153846154
2023-04-07,12.75,0.035949367088607596,0.0,0.0,57.0,66.0,43.92307692307692
2023-04-08,6.630000000000001,0.00039473684210526315,0.0,0.0,45.0,54.15384615384615,36.07692307692308
2023-04-09,7.130000000000001,0.0,0.0,0.0,46.0,52.84615384615385,34.76923076923077
2023-04-10,6.37375,0.0,0.0,0.0,49.333333333333336,60.53846153846154,35.38461538461539
2023-04-11,9.39875,0.0,0.0,0.0,59.666666666666664,69.92307692307692,41.30769230769231
2023-04-12,10.485000000000001,0.0,0.0,0.0,71.0,80.66666666666667,57.666666666666664
2023-04-13,8.16375,0.0,0.0,0.0,75.33333333333333,86.61538461538461,57.30769230769231
2023-04-14,6.34875,0.0,0.0,0.0,75.33333333333333,88.3076923076923,60.0
2023-04-15,6.17875,0.011944444444444445,0.0,0.0,65.33333333333333,78.6923076923077,57.92307692307692
2023-04-16,5.20125,0.2728915662650602,0.0,0.0,60.666666666666664,71.53846153846153,55.23076923076923
2023-04-17,9.256250000000001,0.037764705882352916,0.0,0.0,57.666666666666664,67.84615384615384,52.53846153846154
2023-04-18,13.59,0.016265060240963865,0.0,0.0,55.0,60.61538461538461,46.23076923076923
2023-04-19,8.58625,0.0007317073170731708,0.0,0.0,51.666666666666664,61.0,42.0
2023-04-20,5.6187499999999995,0.0,0.0,0.0,52.666666666666664,63.23076923076923,42.23076923076923
2023-04-21,8.527499999999998,0.0,0.0,0.0,56.333333333333336,66.76923076923077,46.30769230769231
2023-04-22,10.8475,0.10164383561643836,0.0,0.0,57.333333333333336,67.23076923076923,50.0
2023-04-23,8.05125,1.5457954545454549,0.0,0.0,59.666666666666664,67.76923076923077,49.76923076923077
2023-04-24,6.990000000000001,0.14512500000000003,0.0,0.0,54.0,63.07692307692308,43.15384615384615
2023-04-25,5.536250000000001,0.0002666666666666667,0.0,0.0,53.333333333333336,59.84615384615385,42.69230769230769
2023-04-26,6.543749999999999,0.0023076923076923075,0.0,0.0,52.0,58.30769230769231,40.23076923076923
2023-04-27,5.0625,0.029875000000000006,0.0,0.0,53.333333333333336,57.92307692307692,44.46153846153846
2023-04-28,9.03125,0.038533333333333336,0.0,0.0,52.0,55.53846153846154,45.61538461538461
2023-04-29,11.599999999999998,1.6504761904761902,0.0,0.0,51.0,53.07692307692308,47.15384615384615
2023-04-30,9.06,1.0341772151898734,0.0,0.0,53.666666666666664,57.23076923076923,49.46153846153846
